File ID,Site Area,Area,Locus ID
Figure 1.1,Area G,,
Figure 1.10,,AJ:30–34,Wall 9914
Figure 1.11,,AI–AJ:32–34,
Figure 1.11,,AJ:30–34,
Figure 1.12,Area G,,
Figure 1.13,Area G,,
Figure 1.14,Area G,,
Figure 1.15,Area G,,
Figure 1.16,Area G,,
Figure 1.17,Area G,,
Figure 1.18,Area G,,
Figure 1.19,Area G,,
Figure 1.2,Area G,,
Figure 1.20,Area G,,
Figure 1.21,,AI:31–34,
Figure 1.22,Area G,,
Figure 1.23,,,Locus 9669
Figure 1.23,,,Wall 9147
Figure 1.3,,AJ:30–34,Wall 9003
Figure 1.3,,AJ:30–34,Wall 9003
Figure 1.4,Area G,,
Figure 1.5,Area G,,
Figure 1.6,,AI:31–34,
Figure 1.6,,AI:31–34,
Figure 1.6,,AJ:30–34,
Figure 1.6,,AJ:30–34,
Figure 1.7,,AH:33,
Figure 1.7,,AI:31–34,
Figure 1.7,,AJ:30–34,
Figure 1.8,,AI:31–34,
Figure 1.9,,AJ:30–34,
Figure 10.1,Area G,,
Figure 10.10,,,Wall 9841
Figure 10.11,Area G,,
Figure 10.12,,AI:31–34,
Figure 10.13,,AI:31–34,
Figure 10.14,,,Wall 18481
Figure 10.14,,,Wall 18516
Figure 10.14,,,Wall 9211
Figure 10.15,,,Wall 18481
Figure 10.15,,,Wall 9211
Figure 10.16,,,Wall 9684
Figure 10.16,,,Wall 9961
Figure 10.17,,,Locus 18509
Figure 10.17,,,Wall 18481
Figure 10.17,,,Wall 18515
Figure 10.17,,,Wall 18516
Figure 10.17,,,Wall 9211
Figure 10.17,,,Wall 9684
Figure 10.18,,,Locus 18482
Figure 10.18,,,Wall 18481
Figure 10.19,,,Wall 18481
Figure 10.19,,,Wall 9262
Figure 10.2,,AI:31–34,
Figure 10.20,,,Wall 18481
Figure 10.20,,,Wall 9262
Figure 10.20,,,Wall 9275a–b
Figure 10.20,,,Wall 9961
Figure 10.21,,AI:31–34,
Figure 10.22,,,Wall 18514
Figure 10.22,,,Wall 18515
Figure 10.22,,,Wall 9262
Figure 10.23,,,Wall 18481
Figure 10.23,,,Wall 18515
Figure 10.23,,,Wall 9961
Figure 10.24,,,Locus 18509
Figure 10.24,,,Wall 18514
Figure 10.24,,,Wall 18515
Figure 10.25,,,Wall 18503
Figure 10.26,,,Wall 18481
Figure 10.26,,,Wall 18503
Figure 10.26,,,Wall 18515
Figure 10.27,,,Locus 9251
Figure 10.27,,,Wall 9466
Figure 10.28,,AI:31–34,
Figure 10.29,,AI:31–34,
Figure 10.3,,,Wall 9262
Figure 10.3,,,Wall 9684
Figure 10.3,,,Wall 9729
Figure 10.4,,AI:31–34,
Figure 10.5,,AI:31–34,
Figure 10.6,,,Locus 9816
Figure 10.6,,,Wall 9211
Figure 10.6,,,Wall 9684
Figure 10.7,Area G,,
Figure 10.8,Area G,,
Figure 10.9,,,Wall 9211
Figure 10.9,,,Wall 9841
Figure 11.1,,,Locus 9698
Figure 11.2,Area G,,
Figure 11.3,,,Locus 9752
Figure 11.4,,AI:31–34,
Figure 12.1,,AJ:30–34,
Figure 12.10,,,Wall 18010a
Figure 12.10,,,Wall 9211
Figure 12.10,,,Wall 9408b
Figure 12.10,,,Wall 9510
Figure 12.11,,,Wall 18010a
Figure 12.12,,AJ:30–34,
Figure 12.13,,,Locus 18065
Figure 12.13,,,Wall 9211
Figure 12.13,,,Wall 9216
Figure 12.13,,,Wall 9904
Figure 12.14,,,Locus 18054
Figure 12.14,,,Locus 18088
Figure 12.14,,,Locus 18089
Figure 12.14,,,Wall 9211
Figure 12.14,,,Wall 9408b
Figure 12.15,,,Locus 9974
Figure 12.15,,,Wall 9408b
Figure 12.16,,,Locus 18034
Figure 12.16,,,Locus 9903
Figure 12.16,,,Wall 9408b
Figure 12.17,Area G,,
Figure 12.18,,,Locus 18059
Figure 12.18,,,Locus 9985
Figure 12.18,,,Wall 9408b
Figure 12.19,,AJ:30–34,
Figure 12.2,,,Locus 9202
Figure 12.2,,,Locus 9680
Figure 12.2,,,Wall 9180
Figure 12.2,,,Wall 9211
Figure 12.2,,,Wall 9216
Figure 12.2,,,Wall 9904
Figure 12.20,,,Wall 9408b
Figure 12.21,,,Wall 18048
Figure 12.22,,AJ:30–34,
Figure 12.3,,,Wall 9180
Figure 12.3,,,Wall 9211
Figure 12.3,,,Wall 9212
Figure 12.4,,AJ:30–34,
Figure 12.5,,AJ:30–34,Wall 9211
Figure 12.5,,AJ:30–34,Wall 9216
Figure 12.5,,AJ:30–34,Wall 9408a
Figure 12.6,,,Wall 9211
Figure 12.7,,,Wall 18010a
Figure 12.7,,,Wall 9216
Figure 12.7,,,Wall 9408a
Figure 12.7,,,Wall 9408b
Figure 12.8,,,Wall 9216
Figure 12.8,,,Wall 9408a
Figure 12.9,,,Wall 9216
Figure 12.9,,,Wall 9408a
Figure 13.1,,AI:31–34,
Figure 13.10,,AI:31–34,
Figure 13.10,,AJ:30–34,
Figure 13.11,,,Wall 9262
Figure 13.12,,,Locus 9168
Figure 13.12,,,Locus 9251
Figure 13.12,,,Wall 9262
Figure 13.13,Area G,,
Figure 13.14,,,Wall 9262
Figure 13.15,,AI:31–34,
Figure 13.15,,AJ:30–34,
Figure 13.16,Area G,,
Figure 13.17,,,Wall 9262
Figure 13.18,,,Wall 9262
Figure 13.18,,,Wall 9915
Figure 13.19,Area G,,
Figure 13.2,,,Wall 9262
Figure 13.20,Area G,,
Figure 13.21,,,Wall 9915
Figure 13.22,,AI:31–34,
Figure 13.22,,AJ:30–34,
Figure 13.3,,,Wall 9262
Figure 13.4,,,Wall 18481
Figure 13.5,,AI–AJ:32–34,
Figure 13.5,,AJ:30–34,
Figure 13.6,,,Wall 9262
Figure 13.7,,,Wall 9211
Figure 13.7,,,Wall 9915
Figure 13.8,,AI:31–34,
Figure 13.8,,AJ:30–34,
Figure 13.9,,AI:31–34,
Figure 13.9,,AJ:30–34,
Figure 14.1,,AJ–AK:32–34,
Figure 14.1,,AK:31–34,
Figure 14.10,,,Locus 9204
Figure 14.11,,AJ:30–34,Locus 9168
Figure 14.11,,AJ:30–34,Locus 9434
Figure 14.11,,AJ:30–34,Wall 9065
Figure 14.11,,AJ:30–34,Wall 9066
Figure 14.11,,AJ:30–34,Wall 9400
Figure 14.11,,AJ:30–34,Wall 9412
Figure 14.11,,AJ:30–34,Wall 9413
Figure 14.12,,AJ–AK:32–34,
Figure 14.12,,AK:31–34,
Figure 14.13,,,Wall 9959
Figure 14.13,,,Wall 9993
Figure 14.14,,,Wall 9959
Figure 14.14,,,Wall 9970
Figure 14.14,,,Wall 9993
Figure 14.15,,,Wall 9993
Figure 14.16,Area G,,
Figure 14.17,,,Wall 9066
Figure 14.17,,,Wall 9400
Figure 14.18,,AJ–AK:32–34,
Figure 14.18,,AK:31–34,
Figure 14.19,,AJ–AK:32–34,
Figure 14.19,,AK:31–34,
Figure 14.2,,,Wall 9162
Figure 14.2,,,Wall 9217
Figure 14.20,,AJ:30–34,
Figure 14.21,,AJ:30–34,
Figure 14.22,,,Wall 18048
Figure 14.22,,,Wall 18250
Figure 14.23,,,Locus 18293
Figure 14.23,,,Wall 18250
Figure 14.23,,,Wall 9909
Figure 14.24,,,Wall 18250
Figure 14.25,Area G,,
Figure 14.26,Area G,,
Figure 14.27,,,Wall 9909
Figure 14.27,,,Wall 9998
Figure 14.28,Area G,,
Figure 14.29,Area G,,
Figure 14.3,,,Wall 9162
Figure 14.3,,,Wall 9217
Figure 14.30,,AJ–AK:32–34,
Figure 14.30,,AK:31–34,
Figure 14.31,,,Wall 18250
Figure 14.32,,,Wall 18250
Figure 14.32,,,Wall 9909
Figure 14.33,,AJ:30–34,Wall 18250
Figure 14.33,,AJ:30–34,Wall 9909
Figure 14.34,,AJ:30–34,Locus 18400
Figure 14.34,,AJ:30–34,Wall 18250
Figure 14.34,,AJ:30–34,Wall 18471
Figure 14.35,,,Wall 18463
Figure 14.36,,,Wall 18463
Figure 14.36,,,Wall 18471
Figure 14.37,,,Locus 18529
Figure 14.37,,,Wall 18528
Figure 14.38,,AK:31–34,
Figure 14.39,,AK:31–34,
Figure 14.4,,AJ–AK:32–34,
Figure 14.4,,AK:31–34,
Figure 14.40,,AJ:30–34,
Figure 14.41,,AJ:30–34,
Figure 14.5,,AJ–AK:32–34,Wall 9065
Figure 14.5,,AK:31–34,Wall 9065
Figure 14.5,,AJ–AK:32–34,Wall 9066
Figure 14.5,,AK:31–34,Wall 9066
Figure 14.5,,AJ–AK:32–34,Wall 9400
Figure 14.5,,AK:31–34,Wall 9400
Figure 14.5,,AJ–AK:32–34,Wall 9957
Figure 14.5,,AK:31–34,Wall 9957
Figure 14.5,,AJ–AK:32–34,Wall 9975
Figure 14.5,,AK:31–34,Wall 9975
Figure 14.6,,AJ:30–34,Wall 9065
Figure 14.6,,AK:31–34,Wall 9065
Figure 14.6,,AK:31–34,Wall 9065
Figure 14.6,,AJ:30–34,Wall 9066
Figure 14.6,,AK:31–34,Wall 9066
Figure 14.6,,AK:31–34,Wall 9066
Figure 14.6,,AJ:30–34,Wall 9957
Figure 14.6,,AK:31–34,Wall 9957
Figure 14.6,,AK:31–34,Wall 9957
Figure 14.7,,AK:31–34,Wall 9917
Figure 14.7,,AK:31–34,Wall 9942
Figure 14.7,,AK:31–34,Wall 9943
Figure 14.8,,,Wall 9066
Figure 14.8,,,Wall 9400
Figure 14.9,,,Locus 9168
Figure 14.9,,,Locus 9185
Figure 14.9,,,Locus 9204
Figure 14.9,,,Wall 9065
Figure 14.9,,,Wall 9066
Figure 15.1,,,Locus 9679
Figure 15.10,,,Wall 04G0-008
Figure 15.11,Area G,,
Figure 15.12,,,Wall 9066
Figure 15.12,,,Wall 9211
Figure 15.13,,AJ–AK:32–34,
Figure 15.13,,AK:31–34,
Figure 15.14,,,Wall 9914
Figure 15.15,,,Wall 9066
Figure 15.15,,,Wall 9400
Figure 15.15,,,Wall 9914
Figure 15.16,,AJ–AK:32–34,
Figure 15.16,,AK:31–34,
Figure 15.17,,AJ:30–34,
Figure 15.18,,AJ–AK:32–34,Wall 9066
Figure 15.18,,AK:31–34,Wall 9066
Figure 15.19,,,Wall 9211
Figure 15.2,,,Wall 18912
Figure 15.2,,,Wall 9975
Figure 15.20,Area G,,
Figure 15.21,,,Wall 9915
Figure 15.22,,AJ:30–34,
Figure 15.23,,AK:31–34,
Figure 15.3,,,Wall 9211
Figure 15.3,,,Wall 9914
Figure 15.4,,AK:31–34,Wall 9211
Figure 15.5,,,Wall 9915
Figure 15.6,,AJ–AK:32–34,
Figure 15.6,,AK:31–34,
Figure 15.7,Area G,,
Figure 15.8,,,Wall 9066
Figure 15.9,,,Locus 9346
Figure 16.1,,,Locus 9326
Figure 16.1,,,Wall 9041
Figure 16.1,,,Wall 9147
Figure 16.1,,,Wall 9340
Figure 16.1,,,Wall 9490
Figure 16.1,,,Wall 9491
Figure 16.1,,,Wall 9510
Figure 16.2,,,Locus 9326
Figure 16.2,,,Locus 9550
Figure 16.2,,,Wall 9212
Figure 16.2,,,Wall 9510
Figure 16.3,,AK:31–34,
Figure 17.1,Area G,,
Figure 17.2,Area G,,
Figure 17.3,Area G,,
Figure 18.1,Area G,,
Figure 18.2,Area G,,
Figure 18.3,Area G,,
Figure 18.4,Area G,,
Figure 19.1,Area G,,
Figure 19.2,Area G,,
Figure 19.3,Area G,,
Figure 19.4,Area G,,
Figure 19.5,Area G,,
Figure 2.1,Area G,,
Figure 2.10,Area G,,
Figure 2.11,,,Wall 9266
Figure 2.11,,,Wall 9684
Figure 2.12,,,Locus 18033
Figure 2.13,Area G,,
Figure 2.14,,,Locus 18033
Figure 2.15,Area G,,
Figure 2.16,Area G,,
Figure 2.17,Area G,,
Figure 2.18,,AI:31–34,
Figure 2.19,,,Locus 18275
Figure 2.19,,,Locus 18298
Figure 2.2,Area G,,
Figure 2.20,,AI:31–34,
Figure 2.20,,AI:31–34,
Figure 2.21,,,Locus 18243
Figure 2.21,,,Locus 18347
Figure 2.22,Area G,,
Figure 2.23,Area G,,
Figure 2.24,Area G,,
Figure 2.25,Area G,,
Figure 2.26,Area G,,
Figure 2.27,Area G,,
Figure 2.28,Area G,,
Figure 2.29,Area G,,
Figure 2.3,,AI:31–34,Wall 18315
Figure 2.30,Area G,,
Figure 2.31,Area G,,
Figure 2.32,Area G,,
Figure 2.33,Area G,,
Figure 2.34,Area G,,
Figure 2.35,Area G,,
Figure 2.36,Area G,,
Figure 2.37,Area G,,
Figure 2.38,Area G,,
Figure 2.39,Area G,,
Figure 2.4,,AI:31–34,
Figure 2.40,Area G,,
Figure 2.41,Area G,,
Figure 2.42,Area G,,
Figure 2.43,Area G,,
Figure 2.44,Area G,,
Figure 2.45,Area G,,
Figure 2.46,Area G,,
Figure 2.47,,AI:31–34,
Figure 2.48,Area G,,
Figure 2.49,,,Locus 18033
Figure 2.5,Area G,,
Figure 2.50,Area G,,
Figure 2.51,,,Locus 04G0-004
Figure 2.52,,,Locus 18067
Figure 2.53,Area G,,
Figure 2.54,Area G,,
Figure 2.55,Area G,,
Figure 2.56,Area G,,
Figure 2.57,Area G,,
Figure 2.58,Area G,,
Figure 2.59,Area G,,
Figure 2.6,,,Wall 18229
Figure 2.60,Area G,,
Figure 2.61,Area G,,
Figure 2.62,Area G,,
Figure 2.63,Area G,,
Figure 2.7,,,Wall 9914
Figure 2.8,,,Wall 9262
Figure 2.9,Area G,,
Figure 20.1,Area G,,
Figure 20.10,Area G,,
Figure 20.11,Area G,,
Figure 20.12,Area G,,
Figure 20.13,Area G,,
Figure 20.14,Area G,,
Figure 20.15,Area G,,
Figure 20.16,Area G,,
Figure 20.17,Area G,,
Figure 20.18,Area G,,
Figure 20.19,Area G,,
Figure 20.2,Area G,,
Figure 20.20,Area G,,
Figure 20.21,Area G,,
Figure 20.22,Area G,,
Figure 20.23,Area G,,
Figure 20.24,,,Locus 18153
Figure 20.24,,,Locus 18216
Figure 20.25,,,Locus 18570
Figure 20.26,Area G,,
Figure 20.27,Area G,,
Figure 20.28,Area G,,
Figure 20.29,Area G,,
Figure 20.3,Area G,,
Figure 20.30,Area G,,
Figure 20.31,Area G,,
Figure 20.32,Area G,,
Figure 20.33,Area G,,
Figure 20.34a-b,Area G,,
Figure 20.35,Area G,,
Figure 20.36,Area G,,
Figure 20.37,Area G,,
Figure 20.38,Area G,,
Figure 20.39a,Area G,,
Figure 20.39b,Area G,,
Figure 20.4,Area G,,
Figure 20.40,Area G,,
Figure 20.41,Area G,,
Figure 20.42,,,Locus 9630
Figure 20.43,Area G,,
Figure 20.44,Area G,,
Figure 20.45,Area G,,
Figure 20.46,Area G,,
Figure 20.47,Area G,,
Figure 20.48,Area G,,
Figure 20.49,Area G,,
Figure 20.5,Area G,,
Figure 20.50,Area G,,
Figure 20.51,Area G,,
Figure 20.52,Area G,,
Figure 20.53,Area G,,
Figure 20.54,Area G,,
Figure 20.55,Area G,,
Figure 20.56,Area G,,
Figure 20.57,Area G,,
Figure 20.58a,Area G,,
Figure 20.58b,Area G,,
Figure 20.59,Area G,,
Figure 20.6,Area G,,
Figure 20.60,Area G,,
Figure 20.61,Area G,,
Figure 20.62,Area G,,
Figure 20.63,Area G,,
Figure 20.64,Area G,,
Figure 20.65,Area G,,
Figure 20.66,Area G,,
Figure 20.67,Area G,,
Figure 20.68,Area G,,
Figure 20.69,Area G,,
Figure 20.7,Area G,,
Figure 20.70,Area G,,
Figure 20.71,Area G,,
Figure 20.72,Area G,,
Figure 20.73,Area G,,
Figure 20.74,,,Locus 9298
Figure 20.75,Area G,,
Figure 20.76,Area G,,
Figure 20.8,Area G,,
Figure 20.9,Area G,,
Figure 21.1,Area G,,
Figure 21.10,Area G,,
Figure 21.11,Area G,,
Figure 21.12,Area G,,
Figure 21.13,Area G,,
Figure 21.14,Area G,,
Figure 21.15,Area G,,
Figure 21.16,Area G,,
Figure 21.17,Area G,,
Figure 21.18,Area G,,
Figure 21.19,Area G,,
Figure 21.2,Area G,,
Figure 21.20,Area G,,
Figure 21.21,Area G,,
Figure 21.22,Area G,,
Figure 21.23,Area G,,
Figure 21.24,Area G,,
Figure 21.25,Area G,,
Figure 21.26,Area G,,
Figure 21.27,Area G,,
Figure 21.28,Area G,,
Figure 21.29,Area G,,
Figure 21.3,Area G,,
Figure 21.30,Area G,,
Figure 21.31,Area G,,
Figure 21.32,Area G,,
Figure 21.33,Area G,,
Figure 21.34,Area G,,
Figure 21.35,Area G,,
Figure 21.36,Area G,,
Figure 21.37,Area G,,
Figure 21.38,Area G,,
Figure 21.39,Area G,,
Figure 21.4,Area G,,
Figure 21.40,Area G,,
Figure 21.41,Area G,,
Figure 21.42,Area G,,
Figure 21.43,Area G,,
Figure 21.44,Area G,,
Figure 21.45,Area G,,
Figure 21.46,Area G,,
Figure 21.47,Area G,,
Figure 21.5,Area G,,
Figure 21.6,Area G,,
Figure 21.7,Area G,,
Figure 21.8,Area G,,
Figure 21.9,Area G,,
Figure 22.1,,,Locus 18308
Figure 22.2,Area G,,
Figure 22.3,,,Locus 18308
Figure 22.4,Area G,,
Figure 22.5,,,Locus 18312
Figure 22.6,Area G,,
Figure 22.7,Area G,,
Figure 22.8,Area G,,
Figure 23.1a-b,Area G,,
Figure 23.1c,Area G,,
Figure 23.1d-e,Area G,,
Figure 24.1,Area G,,
Figure 24.10,,,Locus 18182
Figure 24.11,Area G,,
Figure 24.12,Area G,,
Figure 24.13,,,Locus 18154
Figure 24.14,,,Locus 18107
Figure 24.15,,,Locus 18199
Figure 24.16,,,Locus 18182
Figure 24.17,Area G,,
Figure 24.18,Area G,,
Figure 24.19,Area G,,
Figure 24.2,,,Locus 18075
Figure 24.20,,,Locus 18137
Figure 24.21,Area G,,
Figure 24.3,Area G,,
Figure 24.4,Area G,,
Figure 24.5,Area G,,
Figure 24.6,Area G,,
Figure 24.7,,,Locus 18584
Figure 24.8,,,Locus 18121
Figure 24.9,Area G,,
Figure 25.1,Area G,,
Figure 25.10,Area G,,
Figure 25.11,Area G,,
Figure 25.12,Area G,,
Figure 25.13,Area G,,
Figure 25.14,Area G,,
Figure 25.15,Area G,,
Figure 25.16,Area G,,
Figure 25.17,Area G,,
Figure 25.18,Area G,,
Figure 25.19,Area G,,
Figure 25.2,Area G,,
Figure 25.20,Area G,,
Figure 25.21,Area G,,
Figure 25.22,Area G,,
Figure 25.23,Area G,,
Figure 25.3,Area G,,
Figure 25.4,Area G,,
Figure 25.5,Area G,,
Figure 25.6,Area G,,
Figure 25.7,Area G,,
Figure 25.8,Area G,,
Figure 25.9,Area G,,
Figure 26.1,Area G,,
Figure 26.2,Area G,,
Figure 26.3,Area G,,
Figure 26.4,Area G,,
Figure 26.5,Area G,,
Figure 26.6,Area G,,
Figure 26.7,Area G,,
Figure 26.8,Area G,,
Figure 27.1,Area G,,
Figure 27.10,Area G,,
Figure 27.11,Area G,,
Figure 27.12,Area G,,
Figure 27.2,Area G,,
Figure 27.3,Area G,,
Figure 27.4,Area G,,
Figure 27.5,Area G,,
Figure 27.6,Area G,,
Figure 27.7,Area G,,
Figure 27.8,Area G,,
Figure 27.9,Area G,,
Figure 28.1,Area G,,
Figure 28.2,Area G,,
Figure 28.3,Area G,,
Figure 28.4,Area G,,
Figure 28.5,Area G,,
Figure 29.1,Area G,,
Figure 29.10a,Area G,,
Figure 29.10b,Area G,,
Figure 29.2,Area G,,
Figure 29.3a,Area G,,
Figure 29.3b,Area G,,
Figure 29.3c,Area G,,
Figure 29.3d,Area G,,
Figure 29.4a,Area G,,
Figure 29.4b,Area G,,
Figure 29.4c,Area G,,
Figure 29.4d,Area G,,
Figure 29.5,Area G,,
Figure 29.6,Area G,,
Figure 29.7,Area G,,
Figure 29.8,Area G,,
Figure 29.9,Area G,,
Figure 3.1,,AI:31–34,
Figure 3.1,,AJ:30–34,
Figure 3.1,,AJ:30–34,
Figure 3.1,,AJ:30–34,
Figure 3.10,Area G,,
Figure 3.11,,,Wall 18048
Figure 3.11,,,Wall 18229
Figure 3.11,,,Wall 9262
Figure 3.11,,,Wall 9729
Figure 3.12,Area G,,
Figure 3.13,,AJ–AK:32–34,
Figure 3.13,,AK:31–34,
Figure 3.14,,,Wall 18048
Figure 3.14,,,Wall 18229
Figure 3.14,,,Wall 9065
Figure 3.14,,,Wall 9066
Figure 3.14,,,Wall 9262
Figure 3.14,,,Wall 9400
Figure 3.14,,,Wall 9729
Figure 3.14,,,Wall 9914
Figure 3.14,,,Wall 9915
Figure 3.15,Area G,,
Figure 3.16,,AJ:30–34,Wall 18048
Figure 3.17,,AJ:30–34,Locus 9048
Figure 3.17,,AJ:30–34,Wall 18048
Figure 3.18,,AJ:30–34,Wall 9909
Figure 3.18,,AJ:30–34,Wall 9915
Figure 3.19,,AJ:30–34,Wall 18048
Figure 3.19,,AJ:30–34,Wall 9909
Figure 3.19,,AJ:30–34,Wall 9915
Figure 3.2,Area G,,
Figure 3.20,Area G,,
Figure 3.21,,AJ:30–34,Wall 9262
Figure 3.22,,AJ:30–34,Wall 18048
Figure 3.22,,AJ:30–34,Wall 18048
Figure 3.22,,AJ:30–34,Wall 18229
Figure 3.22,,AJ:30–34,Wall 18229
Figure 3.22,,AJ:30–34,Wall 9262
Figure 3.22,,AJ:30–34,Wall 9262
Figure 3.22,,AJ:30–34,Wall 9915
Figure 3.22,,AJ:30–34,Wall 9915
Figure 3.23,,,Wall 9262
Figure 3.23,,,Wall 9279
Figure 3.24,,,Wall 9262
Figure 3.25,,,Wall 18912
Figure 3.26,,,Wall 9066
Figure 3.26,,,Wall 9400
Figure 3.27,,AJ:30–34,Wall 9066
Figure 3.27,,AJ:30–34,Wall 9914
Figure 3.28,Area G,,
Figure 3.29,,,Wall 9066
Figure 3.29,,,Wall 9211
Figure 3.29,,,Wall 9914
Figure 3.3,Area G,,
Figure 3.30,,,Wall 9262
Figure 3.31,Area G,,
Figure 3.32,,AI:31–34,
Figure 3.33,,,Wall 18250
Figure 3.33,,,Wall 9413
Figure 3.33,,,Wall 9909
Figure 3.33,,,Wall 9915
Figure 3.34,,AI–AJ:32–34,
Figure 3.34,,AI–AJ:32–34,
Figure 3.34,,AJ:30–34,
Figure 3.34,,AJ:30–34,
Figure 3.35,,AI:31–34,Locus 18333
Figure 3.36,,,Wall 18048
Figure 3.36,,,Wall 18229
Figure 3.36,,,Wall 9262
Figure 3.37,,,Wall 18229
Figure 3.37,,,Wall 18349
Figure 3.37,,,Wall 9262
Figure 3.38,Area G,,
Figure 3.4,Area G,,
Figure 3.5,,,Wall 9003
Figure 3.5,,,Wall 9015
Figure 3.6,,AJ:30–34,Wall 18250
Figure 3.6,,AJ:30–34,Wall 9413
Figure 3.7,,,Wall 9003
Figure 3.7,,,Wall 9147
Figure 3.7,,,Wall 9243
Figure 3.8,,,Wall 9019
Figure 3.9,,,Wall 9147
Figure 3.9,,,Wall 9510
Figure 30.1,Area G,,
Figure 31.1,Area G,,
Figure 31.2,Area G,,
Figure 31.3,Area G,,
Figure 31.4,Area G,,
Figure 31.5,Area G,,
Figure 31.6,Area G,,
Figure 31.7,Area G,,
Figure 31.8,Area G,,
Figure 4.1,,,Wall 9278
Figure 4.1,,,Wall 9885
Figure 4.10,,,Locus 9871
Figure 4.10,,,Locus 9890
Figure 4.10,,,Wall 9096
Figure 4.10,,,Wall 9282
Figure 4.10,,,Wall 9957
Figure 4.11,,,Wall 9282
Figure 4.11,,,Wall 9957
Figure 4.12,,,Locus 18000
Figure 4.12,,,Locus 18030
Figure 4.12,,,Wall 9282
Figure 4.12,,,Wall 9957
Figure 4.13,Area G,,
Figure 4.14,,,Wall 18045
Figure 4.15,Area G,,
Figure 4.16,,,Wall 18248
Figure 4.17,,,Wall 18045
Figure 4.18,,,Wall 18045
Figure 4.19,Area G,,
Figure 4.2,,,Wall 9278
Figure 4.2,,,Wall 9885
Figure 4.20,,AG:33–34,Wall 18045
Figure 4.20,,AG:33–34,Wall 18045
Figure 4.20,,AH:33,Wall 18045
Figure 4.20,,AI:31–34,Wall 18045
Figure 4.20,,AI:31–34,Wall 18045
Figure 4.20,,AG:33–34,Wall 9735
Figure 4.20,,AG:33–34,Wall 9735
Figure 4.20,,AH:33,Wall 9735
Figure 4.20,,AI:31–34,Wall 9735
Figure 4.20,,AI:31–34,Wall 9735
Figure 4.20,,AG:33–34,Wall 9957
Figure 4.20,,AG:33–34,Wall 9957
Figure 4.20,,AH:33,Wall 9957
Figure 4.20,,AI:31–34,Wall 9957
Figure 4.20,,AI:31–34,Wall 9957
Figure 4.21,,AG:33–34,
Figure 4.22,,AG:33–34,
Figure 4.3,,,Wall 18045
Figure 4.3,,,Wall 9957
Figure 4.4,,,Wall 18045
Figure 4.4,,,Wall 9282
Figure 4.4,,,Wall 9957
Figure 4.5,,AG:33–34,
Figure 4.6,,,Wall 9278
Figure 4.7,,,Locus 9871
Figure 4.7,,,Wall 9560
Figure 4.8,,AG:33–34,
Figure 4.8,,AG:33–34,
Figure 4.9,,,Locus 9875
Figure 4.9,,,Locus 9890
Figure 5.1,,AH–AI:33,Locus 9658
Figure 5.1,,AI:31–34,Locus 9658
Figure 5.1,,AH–AI:33,Wall 9096
Figure 5.1,,AI:31–34,Wall 9096
Figure 5.1,,AH–AI:33,Wall 9266
Figure 5.1,,AI:31–34,Wall 9266
Figure 5.1,,AH–AI:33,Wall 9274
Figure 5.1,,AI:31–34,Wall 9274
Figure 5.1,,AH–AI:33,Wall 9278
Figure 5.1,,AI:31–34,Wall 9278
Figure 5.1,,AH–AI:33,Wall 9282
Figure 5.1,,AI:31–34,Wall 9282
Figure 5.1,,AH–AI:33,Wall 9290
Figure 5.1,,AI:31–34,Wall 9290
Figure 5.1,,AH–AI:33,Wall 9675
Figure 5.1,,AI:31–34,Wall 9675
Figure 5.1,,AH–AI:33,Wall 9684
Figure 5.1,,AI:31–34,Wall 9684
Figure 5.1,,AH–AI:33,Wall 9702
Figure 5.1,,AI:31–34,Wall 9702
Figure 5.10,,,Wall 9266
Figure 5.10,,,Wall 9684
Figure 5.10,,,Wall 9729
Figure 5.11,,,Wall 9266
Figure 5.11,,,Wall 9729
Figure 5.12,,,Wall 9266
Figure 5.12,,,Wall 9845
Figure 5.13,,,Wall 18577
Figure 5.13,,,Wall 9266
Figure 5.13,,,Wall 9825
Figure 5.14,,,Wall 9266
Figure 5.14,,,Wall 9684
Figure 5.14,,,Wall 9729
Figure 5.15,,AH–AI:33,
Figure 5.15,,AI:31–34,
Figure 5.16,,AH–AI:33,
Figure 5.16,,AI:31–34,
Figure 5.17,Area G,,
Figure 5.18,,,Wall 9684
Figure 5.19,,AH–AI:33,
Figure 5.19,,AI:31–34,
Figure 5.2,,AH–AI:33,Locus 9658
Figure 5.2,,AI:31–34,Locus 9658
Figure 5.2,,AH–AI:33,Wall 9266
Figure 5.2,,AI:31–34,Wall 9266
Figure 5.2,,AH–AI:33,Wall 9675
Figure 5.2,,AI:31–34,Wall 9675
Figure 5.2,,AH–AI:33,Wall 9684
Figure 5.2,,AI:31–34,Wall 9684
Figure 5.2,,AH–AI:33,Wall 9702
Figure 5.2,,AI:31–34,Wall 9702
Figure 5.20,,,Wall 9684
Figure 5.21,,,Wall 9266
Figure 5.21,,,Wall 9729
Figure 5.22,,,Wall 9266
Figure 5.22,,,Wall 9684
Figure 5.22,,,Wall 9729
Figure 5.23,,,Wall 9266
Figure 5.23,,,Wall 9729
Figure 5.24,,AH–AI:33,
Figure 5.24,,AI:31–34,
Figure 5.25,,,Wall 9266
Figure 5.26,Area G,,
Figure 5.27,,AH–AI:33,
Figure 5.27,,AI:31–34,
Figure 5.28,,,Wall 9211
Figure 5.28,,,Wall 9266
Figure 5.28,,,Wall 9684
Figure 5.28,,,Wall 9825
Figure 5.29,,AH–AI:33,
Figure 5.29,,AI:31–34,
Figure 5.3,,,Wall 9675
Figure 5.3,,,Wall 9702
Figure 5.4,,,Wall 9266
Figure 5.4,,,Wall 9990
Figure 5.5,,,Wall 9266
Figure 5.5,,,Wall 9990
Figure 5.6,,,Wall 9262
Figure 5.6,,,Wall 9684
Figure 5.6,,,Wall 9729
Figure 5.7,,,Wall 9266
Figure 5.7,,,Wall 9684
Figure 5.7,,,Wall 9729
Figure 5.8,,,Wall 18577
Figure 5.8,,,Wall 9211
Figure 5.8,,,Wall 9266
Figure 5.8,,,Wall 9684
Figure 5.8,,,Wall 9825
Figure 5.9,,,Wall 9211
Figure 5.9,,,Wall 9266
Figure 5.9,,,Wall 9684
Figure 5.9,,,Wall 9825
Figure 6.1,,AH:34,Wall 18045
Figure 6.2,,AH:34,
Figure 6.3,,AH:34,
Figure 6.4,,,Locus 18213
Figure 6.4,,,Locus 18225
Figure 6.4,,,Wall 18206
Figure 6.4,,,Wall 9301b
Figure 6.5,,,Locus 18255
Figure 6.5,,,Wall 9253
Figure 6.6,,AH:34,
Figure 7.1,,AG:33–34,Wall 18045
Figure 7.1,,AG:33–34,Wall 9282
Figure 7.1,,AG:33–34,Wall 9735
Figure 7.1,,AG:33–34,Wall 9957
Figure 7.10,,,Wall 18045
Figure 7.10,,,Wall 9957
Figure 7.11,Area G,,
Figure 7.12,,,Locus 9658
Figure 7.12,,,Locus 9865
Figure 7.12,,,Locus 9880
Figure 7.12,,,Wall 9266
Figure 7.13,,,Locus 9658
Figure 7.13,,,Locus 9880
Figure 7.13,,,Wall 9266
Figure 7.13,,,Wall 9936
Figure 7.13,,,Wall 9990
Figure 7.14,,,Locus 9880
Figure 7.14,,,Wall 9266
Figure 7.14,,,Wall 9990
Figure 7.15,,,Locus 9880
Figure 7.16,,,Locus 9880
Figure 7.17,,,Locus 9880
Figure 7.18,,,Wall 18045
Figure 7.19,,AG:33–34,
Figure 7.2,,,Wall 18045
Figure 7.2,,,Wall 9282
Figure 7.2,,,Wall 9957
Figure 7.20,,AH:33,Wall 9989
Figure 7.21,,AH:33,Wall 9735
Figure 7.22,,AH:33,Wall 9989
Figure 7.23,,AH:33,Wall 9735
Figure 7.24,,AG:33–34,Wall 18045
Figure 7.25,,AG:33–34,
Figure 7.26,,,Wall 18575
Figure 7.26,,,Wall 9266
Figure 7.27,,,Wall 18575
Figure 7.27,,,Wall 9266
Figure 7.27,,,Wall 9936
Figure 7.27,,,Wall 9990
Figure 7.28,,,Wall 9989
Figure 7.29,,,Wall 9735
Figure 7.3,,,Wall 9266
Figure 7.3,,,Wall 9278
Figure 7.30,,,Wall 9266
Figure 7.31,,AG:33–34,
Figure 7.4,,,Wall 9282
Figure 7.5,,AG:33–34,
Figure 7.6,,AG:33–34,Wall 9096
Figure 7.6,,AG:33–34,Wall 9266
Figure 7.6,,AG:33–34,Wall 9278
Figure 7.6,,AG:33–34,Wall 9282
Figure 7.6,,AG:33–34,Wall 9684
Figure 7.6,,AG:33–34,Wall 9729
Figure 7.6,,AG:33–34,Wall 9936
Figure 7.6,,AG:33–34,Wall 9990
Figure 7.7,,,Wall 9266
Figure 7.7,,,Wall 9282
Figure 7.7,,,Wall 9735
Figure 7.8,,,Wall 9266
Figure 7.8,,,Wall 9936
Figure 7.8,,,Wall 9990
Figure 7.9,,,Locus 9880
Figure 7.9,,,Wall 9266
Figure 7.9,,,Wall 9936
Figure 7.9,,,Wall 9989
Figure 7.9,,,Wall 9990
Figure 8.1,,AI:31–34,Wall 18218
Figure 8.1,,AI:31–34,Wall 18315
Figure 8.1,,AI:31–34,Wall 9715
Figure 8.10,,AI:31–34,
Figure 8.11,,AI:31–34,
Figure 8.12,,,Locus 9714
Figure 8.12,,,Wall 9636
Figure 8.12,,,Wall 9963
Figure 8.12,,,Wall 9964
Figure 8.13,,,Locus 9895
Figure 8.13,,,Wall 9715
Figure 8.14,Area G,,
Figure 8.15,,,Locus 9882
Figure 8.16,,AI:31–34,
Figure 8.17,,AI:31–34,
Figure 8.18,,,Locus 9882
Figure 8.18,,,Wall 9952
Figure 8.18,,,Wall 9963
Figure 8.18,,,Wall 9964
Figure 8.19,,,Wall 9715
Figure 8.19,,,Wall 9963
Figure 8.19,,,Wall 9964
Figure 8.2,,AI:31–34,
Figure 8.20,,,Wall 9952
Figure 8.20,,,Wall 9964
Figure 8.21,,,Locus 9025
Figure 8.21,,,Wall 18300
Figure 8.21,,,Wall 9715
Figure 8.22,,,Wall 9715
Figure 8.22,,,Wall 9964
Figure 8.23,,,Locus 9965
Figure 8.23,,,Wall 9963
Figure 8.24,Area G,,
Figure 8.25,,AI:31–34,
Figure 8.26,,AI:31–34,Wall 18296
Figure 8.26,,AI:31–34,Wall 9963
Figure 8.27,,,Wall 9800
Figure 8.27,,,Wall 9963
Figure 8.28,Area G,,
Figure 8.29,Area G,,
Figure 8.3,,,Wall 9058
Figure 8.3,,,Wall 9636
Figure 8.30,Area G,,
Figure 8.31,Area G,,
Figure 8.32,Area G,,
Figure 8.33,,,Locus 18319
Figure 8.33,,,Wall 18315
Figure 8.34,,AI:31–34,
Figure 8.35,,,Wall 9800
Figure 8.36,,AI:31–34,
Figure 8.37,,,Wall 18296
Figure 8.37,,,Wall 18315
Figure 8.38,,,Wall 18296
Figure 8.38,,,Wall 18315
Figure 8.39,,AI:31–34,
Figure 8.4,,,Wall 9047
Figure 8.4,,,Wall 9058
Figure 8.4,,,Wall 9636
Figure 8.40,,,Wall 18296
Figure 8.40,,,Wall 18315
Figure 8.41,,,Wall 18296
Figure 8.41,,,Wall 18315
Figure 8.42,,,Locus 18399
Figure 8.42,,,Wall 9715
Figure 8.43,,AI:31–34,Locus 18399
Figure 8.44,,AI:31–34,
Figure 8.5,,,Wall 9636
Figure 8.6,,AI:31–34,Wall 9058
Figure 8.6,,AI:31–34,Wall 9636
Figure 8.7,,,Wall 9636
Figure 8.8,,,Locus 18205
Figure 8.8,,,Locus 18363
Figure 8.8,,,Locus 9025
Figure 8.9,,,Locus 18363
Figure 9.1,,AI:31–34,
Figure 9.10,,,Wall 9262
Figure 9.10,,,Wall 9729
Figure 9.11,,,Wall 9626
Figure 9.11,,,Wall 9704
Figure 9.12,,,Wall 18048
Figure 9.12,,,Wall 18229
Figure 9.12,,,Wall 9915
Figure 9.13,,AJ:30–34,Locus 9048
Figure 9.13,,AJ:30–34,Locus 9558
Figure 9.14,,,Wall 9704
Figure 9.14,,,Wall 9728
Figure 9.15,,,Wall 9626
Figure 9.15,,,Wall 9704
Figure 9.16,,,Wall 9626
Figure 9.17,,,Wall 9626
Figure 9.17,,,Wall 9704
Figure 9.18,,,Wall 9626
Figure 9.18,,,Wall 9704
Figure 9.18,,,Wall 9728
Figure 9.19,,,Wall 9278
Figure 9.2,,,Wall 9626
Figure 9.2,,,Wall 9704
Figure 9.2,,,Wall 9728
Figure 9.20,,,Wall 9728
Figure 9.21,,,Wall 9262
Figure 9.21,,,Wall 9626
Figure 9.21,,,Wall 9728
Figure 9.21,,,Wall 9887
Figure 9.22,,,Wall 9626
Figure 9.22,,,Wall 9704
Figure 9.23,,,Locus 9982
Figure 9.23,,,Wall 9262
Figure 9.23,,,Wall 9626
Figure 9.23,,,Wall 9704
Figure 9.23,,,Wall 9728
Figure 9.23,,,Wall 9887
Figure 9.24,,AI–AJ:32–34,Wall 9887
Figure 9.24,,AJ:30–34,Wall 9887
Figure 9.25,,,Wall 9704
Figure 9.26,,,Wall 9626
Figure 9.26,,,Wall 9728
Figure 9.27,,,Wall 9887
Figure 9.28,,AI:31–34,
Figure 9.29,,AJ:30–34,Wall 18048
Figure 9.3,,,Wall 9262
Figure 9.3,,,Wall 9729
Figure 9.3,,,Wall 9841
Figure 9.30,,,Locus 18036
Figure 9.30,,,Wall 18048
Figure 9.31,,,Wall 9262
Figure 9.31,,,Wall 9626
Figure 9.31,,,Wall 9704
Figure 9.31,,,Wall 9728
Figure 9.32,,,Wall 9728
Figure 9.33,,,Locus 9736
Figure 9.33,,,Wall 9626
Figure 9.33,,,Wall 9704
Figure 9.34,,,Wall 9704
Figure 9.35,,,Wall 9626
Figure 9.35,,,Wall 9704
Figure 9.35,,,Wall 9728
Figure 9.36,,,Wall 9728
Figure 9.37,,,Locus 9762
Figure 9.37,,,Locus 9766
Figure 9.37,,,Locus 9779
Figure 9.38,,AI:31–34,
Figure 9.39,,,Locus 9982
Figure 9.39,,,Wall 18048
Figure 9.4,,,Wall 9262
Figure 9.4,,,Wall 9684
Figure 9.4,,,Wall 9729
Figure 9.40,,,Wall 18048
Figure 9.41,,,Locus 9982
Figure 9.41,,,Wall 9800
Figure 9.42,,,Locus 9982
Figure 9.43,,,Locus 9982
Figure 9.44,,,Wall 9266
Figure 9.44,,,Wall 9728
Figure 9.45,,,Wall 9800
Figure 9.46,,,Locus 9805
Figure 9.46,,,Locus 9982
Figure 9.47,,,Locus 9805
Figure 9.47,,,Locus 9982
Figure 9.48,Area G,,
Figure 9.49,Area G,,
Figure 9.5,,,Locus 9660
Figure 9.50,,,Locus 9982
Figure 9.51,,,Locus 9982
Figure 9.52,,,Locus 18275
Figure 9.52,,,Locus 18308
Figure 9.52,,,Wall 18048
Figure 9.52,,,Wall 18229
Figure 9.52,,,Wall 18349
Figure 9.53,,,Wall 18229
Figure 9.53,,,Wall 18349
Figure 9.54,,,Wall 18048
Figure 9.54,,,Wall 18229
Figure 9.55,,,Wall 18229
Figure 9.55,,,Wall 18349
Figure 9.56,,,Wall 18048
Figure 9.56,,,Wall 18229
Figure 9.57,,,Wall 18048
Figure 9.57,,,Wall 18229
Figure 9.57,,,Wall 9909
Figure 9.57,,,Wall 9915
Figure 9.58,,,Wall 18048
Figure 9.58,,,Wall 18229
Figure 9.58,,,Wall 9909
Figure 9.58,,,Wall 9915
Figure 9.59,,,Wall 18229
Figure 9.6,,,Wall 9626
Figure 9.60,,,Wall 18229
Figure 9.60,,,Wall 18349
Figure 9.60,,,Wall 9915
Figure 9.61,,AI:31–34,
Figure 9.62,,,Locus 18347
Figure 9.63,,AI:31–34,
Figure 9.64,,,Wall 18229
Figure 9.65,,,Locus 18082
Figure 9.65,,,Locus 18275
Figure 9.65,,,Locus 18298
Figure 9.65,,,Wall 18296
Figure 9.66,,,Locus 18308
Figure 9.66,,,Wall 18229
Figure 9.67,,AI:31–34,Wall 9262
Figure 9.68,,,Wall 18229
Figure 9.68,,,Wall 18349
Figure 9.69,,AI:31–34,
Figure 9.7,,AI:31–34,
Figure 9.70,,AI:31–34,
Figure 9.71,,AI:31–34,Locus 18361
Figure 9.72,,AI:31–34,Locus 18380
Figure 9.73,,,Locus 18308
Figure 9.74,Area G,,
Figure 9.75,,,Locus 18308
Figure 9.75,,,Wall 18229
Figure 9.76,,AI:31–34,Locus 18275
Figure 9.76,,AI:31–34,Locus 18324
Figure 9.77,,,Locus 18275
Figure 9.78,,,Locus 18298
Figure 9.79,,,Locus 18286
Figure 9.79,,,Locus 18308
Figure 9.79,,,Locus 18313
Figure 9.79,,,Wall 18229
Figure 9.79,,,Wall 18349
Figure 9.8,,,Wall 9887
Figure 9.80,,,Locus 18347
Figure 9.80,,,Wall 18349
Figure 9.81,,,Wall 18229
Figure 9.82,,AI:31–34,
Figure 9.83,Area G,,
Figure 9.84,,AI:31–34,
Figure 9.85a,,AI:31–34,
Figure 9.85b,,AI:31–34,
Figure 9.85c,,AI:31–34,
Figure 9.9,,,Wall 9728
Plan 1,Area G,,
Plan 10,Area G,,
Plan 11,Area G,,
Plan 2,Area G,,
Plan 3,Area G,,
Plan 4,Area G,,
Plan 5,Area G,,
Plan 6,Area G,,
Plan 7,Area G,,
Plan 8,Area G,,
Plan 9,Area G,,
Plate 17.1,Area G,,
Plate 17.10,Area G,,
Plate 17.11,Area G,,
Plate 17.12,Area G,,
Plate 17.13,Area G,,
Plate 17.14,Area G,,
Plate 17.15,Area G,,
Plate 17.2,Area G,,
Plate 17.3,Area G,,
Plate 17.4,Area G,,
Plate 17.5,Area G,,
Plate 17.6,Area G,,
Plate 17.7,Area G,,
Plate 17.8,Area G,,
Plate 17.9,Area G,,
Plate 17.i,Area G,,
Plate 17.ii,Area G,,
Plate 17.iii,Area G,,
Plate 17.iv,Area G,,
Plate 17.ix,Area G,,
Plate 17.v,Area G,,
Plate 17.vi,Area G,,
Plate 17.vii,Area G,,
Plate 17.viii,Area G,,
Plate 18.1,Area G,,
"Plate 18.1, continued",Area G,,
Plate 20.1,Area G,,
Plate 20.10,,,Locus 18330
Plate 20.11,,,Locus 18330
Plate 20.12,,,Locus 18286
Plate 20.13,,,Locus 18286
Plate 20.14,Area G,,
Plate 20.15,Area G,,
Plate 20.16,Area G,,
Plate 20.17,Area G,,
Plate 20.18,Area G,,
Plate 20.19,Area G,,
Plate 20.2,,,Locus 18333
Plate 20.20,Area G,,
Plate 20.21,,,Locus 18033
Plate 20.22,,,Locus 18033
Plate 20.23,,,Locus 18033
Plate 20.24,,,Locus 18033
Plate 20.25,,,Locus 18033
Plate 20.26,,,Locus 18033
Plate 20.27,,,Locus 18242
Plate 20.28,,,Locus 18241
Plate 20.28,,,Locus 18293
Plate 20.29,,,Locus 18241
Plate 20.29,,,Locus 18293
Plate 20.3,,,Locus 18333
Plate 20.30,,,Locus 18239
Plate 20.31,Area G,,
Plate 20.32,,,Locus 18041
Plate 20.33,,,Locus 18089
Plate 20.34,,,Locus 18067
Plate 20.35,,,Locus 18570
Plate 20.36,,,Locus 18570
Plate 20.37,Area G,,
Plate 20.38,Area G,,
Plate 20.39,Area G,,
Plate 20.4,,,Locus 18333
Plate 20.40,,,Locus 18035
Plate 20.41,Area G,,
Plate 20.42,Area G,,
Plate 20.43,Area G,,
Plate 20.44,Area G,,
Plate 20.45,Area G,,
Plate 20.46,Area G,,
Plate 20.47,Area G,,
Plate 20.48,Area G,,
Plate 20.49,Area G,,
Plate 20.5,,,Locus 18333
Plate 20.50,Area G,,
Plate 20.51,Area G,,
Plate 20.52,Area G,,
Plate 20.53,Area G,,
Plate 20.54,Area G,,
Plate 20.55,Area G,,
Plate 20.56,Area G,,
Plate 20.57,Area G,,
Plate 20.58,Area G,,
Plate 20.59,Area G,,
Plate 20.6,,,Locus 18333
Plate 20.60,Area G,,
Plate 20.61,Area G,,
Plate 20.62,Area G,,
Plate 20.63,Area G,,
Plate 20.64,Area G,,
Plate 20.65,Area G,,
Plate 20.66,Area G,,
Plate 20.67,Area G,,
Plate 20.68,Area G,,
Plate 20.69,Area G,,
Plate 20.7,,,Locus 18333
Plate 20.70,Area G,,
Plate 20.71,Area G,,
Plate 20.72,Area G,,
Plate 20.73,Area G,,
Plate 20.74,Area G,,
Plate 20.75,Area G,,
Plate 20.76,Area G,,
Plate 20.77,Area G,,
Plate 20.78,Area G,,
Plate 20.8,,,Locus 18333
Plate 20.9,,,Locus 18333
Plate 20.i,Area G,,
Plate 20.ii,Area G,,
Plate 20.iii,Area G,,
Plate 20.iv,Area G,,
Plate 20.ix,Area G,,
Plate 20.v,Area G,,
Plate 20.vi,Area G,,
Plate 20.vii,Area G,,
Plate 20.viii,Area G,,
Plate 20.x ,Area G,,
Plate 20.xi,Area G,,
Plate 20.xii,Area G,,
Plate 20.xiii,Area G,,
Plate 20.xiv,Area G,,
Plate 20.xix,Area G,,
Plate 20.xv,Area G,,
Plate 20.xvi,Area G,,
Plate 20.xvii,Area G,,
Plate 20.xviii,Area G,,
Plate 20.xx,Area G,,
Plate 20.xxi,Area G,,
Plate 20.xxii,Area G,,
Plate 20.xxiii,Area G,,
Plate 20.xxiv,Area G,,
Plate 20.xxv,Area G,,
Section 1,,AI:31–34,
Section 1,,AI:31–34,
Table  2.2,Area G,,
